{"cameraMode":{"drawMode":0,"name":"Shaded","section":"Shading Mode"},"sceneLighting":true,"audioPlay":false,"sceneViewState":{"m_AlwaysRefresh":false,"showFog":true,"showSkybox":true,"showFlares":true,"showImageEffects":true,"showParticleSystems":true,"showVisualEffectGraphs":true,"m_FxEnabled":true},"in2DMode":false,"pivot":{"x":978.56884765625,"y":484.8556213378906,"z":12.81341552734375},"rotation":{"x":0.01980767585337162,"y":-0.008688296191394329,"z":0.00017337124154437333,"w":0.9997726678848267},"size":637.0015258789063,"orthographic":false}