{"cameraMode":{"drawMode":0,"name":"Shaded","section":"Shading Mode"},"sceneLighting":true,"audioPlay":false,"sceneViewState":{"m_AlwaysRefresh":false,"showFog":true,"showSkybox":true,"showFlares":true,"showImageEffects":true,"showParticleSystems":true,"showVisualEffectGraphs":true,"m_FxEnabled":true},"in2DMode":false,"pivot":{"x":15.212120056152344,"y":-13.920198440551758,"z":18.557329177856447},"rotation":{"x":-0.23037506639957429,"y":-0.42766547203063967,"z":0.11368092894554138,"w":-0.8666651844978333},"size":24.762502670288087,"orthographic":false}