{"cameraMode":{"drawMode":0,"name":"Shaded","section":"Shading Mode"},"sceneLighting":true,"audioPlay":false,"sceneViewState":{"m_AlwaysRefresh":false,"showFog":true,"showSkybox":true,"showFlares":true,"showImageEffects":true,"showParticleSystems":true,"showVisualEffectGraphs":true,"m_FxEnabled":true},"in2DMode":false,"pivot":{"x":1.5143790245056153,"y":-1.4867615699768067,"z":12.20928955078125},"rotation":{"x":0.22642523050308228,"y":-0.40779614448547366,"z":0.10513192415237427,"w":0.8782865405082703},"size":7.319350242614746,"orthographic":false}